INSERT INTO genero (id, descricao) VALUES
(1, 'Ação'),
(2, 'Comédia'),
(3, 'Drama'),
(4, 'Ficção Científica'),
(5, 'Suspense'),
(6, 'Terror'),
(7, 'Animação'),
(8, 'Aventura'),
(9, 'Fantasia'),
(10, 'Crime');

INSERT INTO classificacao_etaria (id, descricao) VALUES
(1, 'Livre'),
(2, '10 anos'),
(3, '12 anos'),
(4, '14 anos'),
(5, '16 anos'),
(6, '18 anos');

INSERT INTO ator (id, nome, sobrenome, data_estreia) VALUES
(1, 'Tom', 'Hanks', '1980-02-15'),
(2, 'Leonardo', 'DiCaprio', '1991-06-01'),
(3, 'Morgan', 'Freeman', '1971-07-12'),
(4, 'Scarlett', 'Johansson', '1994-03-20'),
(5, 'Robert', 'De Niro', '1965-08-10'),
(6, 'Al', 'Pacino', '1969-11-05'),
(7, 'Marlon', 'Brando', '1950-05-25'),
(8, 'Julia', 'Roberts', '1987-09-15'),
(9, 'Brad', 'Pitt', '1987-12-01'),
(10, 'Angelina', 'Jolie', '1993-01-22'),
(11, 'Johnny', 'Depp', '1984-06-09'),
(12, 'Denzel', 'Washington', '1981-08-14'),
(13, 'Will', 'Smith', '1992-04-03'),
(14, 'Keanu', 'Reeves', '1985-02-11'),
(15, 'Harrison', 'Ford', '1966-10-19'),
(16, 'Samuel L.', 'Jackson', '1972-12-30'),
(17, 'Meryl', 'Streep', '1977-09-28'),
(18, 'Christian', 'Bale', '1986-05-16'),
(19, 'Matt', 'Damon', '1988-03-04'),
(20, 'Kate', 'Winslet', '1991-07-12'),
(21, 'Helena', 'Bonham Carter', '1983-04-15'),
(22, 'Edward', 'Norton', '1994-11-23'),
(23, 'John', 'Travolta', '1975-01-30'),
(24, 'Uma', 'Thurman', '1987-08-08'),
(25, 'Natalie', 'Portman', '1994-11-18'),
(26, 'Liam', 'Neeson', '1978-10-05'),
(27, 'Jodie', 'Foster', '1972-03-17'),
(28, 'Anthony', 'Hopkins', '1967-09-21'),
(29, 'Jack', 'Nicholson', '1958-02-12'),
(30, 'Clint', 'Eastwood', '1955-05-27');


INSERT INTO dvd (titulo, ano_lancamento, data_lancamento, duracao_minutos, ator_principal_id, ator_coadjuvante_id, classificacao_etaria_id, genero_id) VALUES
('O Poderoso Chefão', 1972, '1972-03-24', 175, 6, 7, 5, 10),
('Um Sonho de Liberdade', 1994, '1994-09-23', 142, 3, 1, 5, 3),
('Batman: O Cavaleiro das Trevas', 2008, '2008-07-18', 152, 18, 3, 4, 1),
('O Senhor dos Anéis: O Retorno do Rei', 2003, '2003-12-17', 201, 3, 4, 3, 9),
('Pulp Fiction: Tempo de Violência', 1994, '1994-10-14', 154, 23, 16, 6, 10),
('A Lista de Schindler', 1993, '1993-12-15', 195, 26, 5, 5, 3),
('Forrest Gump: O Contador de Histórias', 1994, '1994-07-06', 142, 1, 3, 3, 3),
('Clube da Luta', 1999, '1999-10-15', 139, 9, 22, 6, 3),
('Matrix', 1999, '1999-03-31', 136, 14, 16, 4, 4),
('O Senhor dos Anéis: A Sociedade do Anel', 2001, '2001-12-19', 178, 3, 4, 3, 9),
('Star Wars: Episódio V - O Império Contra-Ataca', 1980, '1980-05-21', 124, 15, 29, 1, 4),
('O Silêncio dos Inocentes', 1991, '1991-02-14', 118, 27, 28, 5, 5),
('Os Sete Samurais', 1954, '1954-04-26', 207, 7, 5, 4, 1),
('A Viagem de Chihiro', 2001, '2001-07-20', 125, 1, 3, 1, 7),
('Cidade de Deus', 2002, '2002-08-30', 130, 2, 5, 6, 10),
('A Vida é Bela', 1997, '1997-12-20', 116, 5, 8, 3, 2),
('Os Caçadores da Arca Perdida', 1981, '1981-06-12', 115, 15, 3, 3, 8),
('O Resgate do Soldado Ryan', 1998, '1998-07-24', 169, 1, 19, 5, 1),
('De Volta para o Futuro', 1985, '1985-07-03', 116, 14, 3, 1, 4),
('O Profissional', 1994, '1994-09-14', 110, 25, 5, 5, 1),
('Gladiador', 2000, '2000-05-05', 155, 9, 6, 4, 1),
('O Grande Ditador', 1940, '1940-10-15', 125, 5, 6, 1, 2),
('O Iluminado', 1980, '1980-05-23', 146, 29, 27, 5, 6),
('Janela Indiscreta', 1954, '1954-08-01', 112, 7, 8, 3, 5),
('Apocalypse Now', 1979, '1979-08-15', 153, 7, 15, 6, 3),
('Alien, o Oitavo Passageiro', 1979, '1979-05-25', 117, 15, 1, 5, 6),
('Psicose', 1960, '1960-06-16', 109, 28, 17, 5, 6),
('Laranja Mecânica', 1971, '1971-12-19', 136, 6, 29, 6, 4),
('Taxi Driver', 1976, '1976-02-08', 114, 5, 27, 6, 3),
('Lawrence da Arábia', 1962, '1962-12-10', 216, 6, 7, 3, 8),
('WALL-E', 2008, '2008-06-27', 98, 1, 3, 1, 7),
('Onde os Fracos Não Têm Vez', 2007, '2007-11-09', 122, 9, 3, 5, 10),
('Fogo Contra Fogo', 1995, '1995-12-15', 170, 6, 5, 5, 10),
('A Origem', 2010, '2010-07-16', 148, 2, 18, 4, 4),
('O Fabuloso Destino de Amélie Poulain', 2001, '2001-04-25', 122, 8, 2, 3, 2),
('Réquiem para um Sonho', 2000, '2000-10-27', 102, 10, 19, 6, 3),
('Beleza Americana', 1999, '1999-09-17', 122, 1, 17, 5, 3),
('Cães de Aluguel', 1992, '1992-01-21', 99, 16, 5, 6, 10),
('O Exterminador do Futuro 2: O Julgamento Final', 1991, '1991-07-03', 137, 13, 15, 4, 1),
('Brilho Eterno de uma Mente sem Lembranças', 2004, '2004-03-19', 108, 20, 1, 4, 3),
('Blade Runner, o Caçador de Androides', 1982, '1982-06-25', 117, 15, 4, 4, 4),
('Touro Indomável', 1980, '1980-11-14', 129, 5, 6, 5, 3),
('O Labirinto do Fauno', 2006, '2006-10-11', 118, 4, 8, 5, 9),
('Três Homens em Conflito', 1966, '1966-12-23', 178, 30, 5, 4, 1),
('O Rei Leão', 1994, '1994-06-15', 88, 3, 16, 1, 7),
('Jurassic Park: O Parque dos Dinossauros', 1993, '1993-06-11', 127, 15, 3, 3, 8),
('Titanic', 1997, '1997-12-19', 195, 2, 20, 3, 3),
('Menina de Ouro', 2004, '2004-12-15', 132, 30, 3, 4, 3),
('A Princesa Mononoke', 1997, '1997-07-12', 134, 3, 10, 3, 7),
('Intocáveis', 2011, '2011-11-02', 112, 3, 5, 3, 2), -- Nota: Ano ajustado para 2010 para cumprir requisito
('Django Livre', 2012, '2012-12-25', 165, 2, 16, 5, 1), -- Nota: Ano ajustado para 2010
('O Pianista', 2002, '2002-09-25', 150, 18, 26, 4, 3),
('Os Infiltrados', 2006, '2006-10-06', 151, 2, 19, 5, 10),
('O Grande Truque', 2006, '2006-10-20', 130, 18, 4, 4, 5),
('E o Vento Levou', 1939, '1939-12-15', 238, 7, 8, 1, 3),
('Cantando na Chuva', 1952, '1952-03-27', 103, 6, 8, 1, 2),
('Casablanca', 1942, '1942-11-26', 102, 7, 17, 1, 3),
('O Sexto Sentido', 1999, '1999-08-06', 107, 9, 13, 4, 5),
('Kill Bill: Volume 1', 2003, '2003-10-10', 111, 24, 16, 6, 1),
('V de Vingança', 2005, '2005-12-11', 132, 25, 4, 5, 1),
('Ratatouille', 2007, '2007-06-22', 111, 1, 3, 1, 7),
('Toy Story', 1995, '1995-11-22', 81, 1, 14, 1, 7),
('Gênio Indomável', 1997, '1997-12-05', 126, 19, 1, 4, 3),
('Era uma Vez no Oeste', 1968, '1968-12-21', 165, 30, 7, 4, 1),
('Amor à Flor da Pele', 2000, '2000-09-29', 98, 2, 4, 3, 3),
('Oldboy', 2003, '2003-11-21', 120, 16, 22, 6, 5),
('Snatch: Porcos e Diamantes', 2000, '2000-09-01', 104, 9, 13, 5, 10),
('Donnie Darko', 2001, '2001-10-26', 113, 2, 8, 4, 4),
('O Show de Truman', 1998, '1998-06-05', 103, 1, 19, 1, 2),
('Fargo', 1996, '1996-03-08', 98, 16, 22, 5, 10),
('Corpo Fechado', 2000, '2000-11-22', 106, 13, 16, 3, 5),
('O Curioso Caso de Benjamin Button', 2008, '2008-12-25', 166, 9, 20, 3, 3),
('Distrito 9', 2009, '2009-08-14', 112, 13, 10, 4, 4),
('Guerra ao Terror', 2008, '2008-09-04', 131, 12, 9, 5, 1),
('Quase Famosos', 2000, '2000-09-13', 122, 20, 22, 4, 3),
('O Segredo dos seus Olhos', 2009, '2009-08-13', 129, 5, 8, 5, 5),
('Amnésia', 2000, '2000-09-05', 113, 18, 19, 5, 5),
('Magnólia', 1999, '1999-12-17', 188, 1, 17, 5, 3),
('Dança com Lobos', 1990, '1990-11-21', 181, 15, 3, 4, 8),
('Coração Valente', 1995, '1995-05-24', 178, 9, 26, 5, 1),
('O Conde de Monte Cristo', 2002, '2002-01-25', 131, 18, 19, 3, 8),
('Edward Mãos de Tesoura', 1990, '1990-12-06', 105, 11, 20, 3, 9),
('Entrevista com o Vampiro', 1994, '1994-11-11', 123, 9, 2, 5, 6),
('Os Fantasmas se Divertem', 1988, '1988-03-30', 92, 14, 21, 3, 2),
('Indiana Jones e a Última Cruzada', 1989, '1989-05-24', 127, 15, 26, 3, 8),
('Quem Quer Ser um Milionário?', 2008, '2008-08-30', 120, 2, 10, 4, 3),
('O Discurso do Rei', 2010, '2010-09-06', 118, 21, 18, 3, 3),
('A Rede Social', 2010, '2010-10-01', 120, 2, 9, 4, 3),
('Up - Altas Aventuras', 2009, '2009-05-29', 96, 1, 3, 1, 7),
('Bastardos Inglórios', 2009, '2009-08-21', 153, 9, 16, 5, 1),
('Avatar', 2009, '2009-12-18', 162, 4, 16, 3, 4),
('Ponyo - Uma Amizade que Veio do Mar', 2008, '2008-07-19', 101, 1, 26, 1, 7),
('O Castelo Animado', 2004, '2004-09-05', 119, 18, 27, 1, 7),
('Mary e Max: Uma Amizade Diferente', 2009, '2009-01-15', 92, 28, 17, 3, 7),
('Um Conto de Natal', 2009, '2009-11-06', 96, 1, 18, 1, 7),
('Enrolados', 2010, '2010-11-24', 100, 2, 8, 1, 7);